
6 May 2014 - Three Day Friendly
Sussex v Sri Lanka

12 May 2014 - Three Day Friendly
MCC v Sri Lanka

17 May 2014 - 1st Test Match
England v Sri Lanka

25 May 2014 - 2nd Test Match
England v Sri Lanka

2 Jun 2014 - 1st Test Match
West Indies v New Zealand

2 Jun 2014 - Three Day Friendly
Mashonaland v Australia
Chittagong v India

7 Jun 2014 - 1st Test Match
Zimbabwe v Australia
Bangladesh v India

7 Jun 2014 - 1st One Day International
England v Sri Lanka

9 Jun 2014 - 2nd Test Match
West Indies v New Zealand

9 Jun 2014 - 2nd One Day International
England v Sri Lanka

12 Jun 2014 - 3rd One Day International
England v Sri Lanka

14 Jun 2014 - 2nd Test Match
Zimbabwe v Australia
Bangladesh v India

14 Jun 2014 - 20 Over International
England v Sri Lanka

16 Jun 2014 - 3rd Test Match
West Indies v New Zealand

21 Jun 2014 - One Day Friendly
Matabeleland v Australia
Dhaka v India

23 Jun 2014 - 1st One Day International
West Indies v New Zealand
Zimbabwe v Australia
Bangladesh v India

25 Jun 2014 - 2nd One Day International
West Indies v New Zealand
Zimbabwe v Australia
Bangladesh v India

27 Jun 2014 - 3rd One Day International
West Indies v New Zealand
Zimbabwe v Australia
Bangladesh v India

29 Jun 2014 - 4th One Day International
West Indies v New Zealand

29 Jun 2014 - 1st 20 Over International
Zimbabwe v Australia
Bangladesh v India

1 Jul 2014 - 5th One Day International
West Indies v New Zealand

1 Jul 2014 - 2nd 20 Over International
Zimbabwe v Australia
Bangladesh v India

3 Jul 2014 - 1st 20 Over International
West Indies v New Zealand

5 Jul 2014 - 2nd 20 Over International
West Indies v New Zealand

9 Jul 2014 - Three Day Friendly
Somerset v India

13 Jul 2014 - 1st Test Match
England v India

19 Jul 2014 - 2nd Test Match
England v India

2 Aug 2014 - 1st Test Match
West Indies v Bangladesh
Zimbabwe v South Africa

2 Aug 2014 - 3rd Test Match
England v India

9 Aug 2014 - 2nd Test Match
West Indies v Bangladesh
Zimbabwe v South Africa

16 Aug 2014 - 1st One Day International
West Indies v Bangladesh
Zimbabwe v South Africa

16 Aug 2014 - 4th Test Match
England v India

18 Aug 2014 - 2nd One Day International
West Indies v Bangladesh
Zimbabwe v South Africa

20 Aug 2014 - 3rd One Day International
West Indies v Bangladesh
Zimbabwe v South Africa

22 Aug 2014 - 1st 20 Over International
West Indies v Bangladesh
Zimbabwe v South Africa

24 Aug 2014 - 2nd 20 Over International
West Indies v Bangladesh
Zimbabwe v South Africa

27 Aug 2014 - 5th Test Match
England v India

2 Sep 2014 - 1st One Day International
England v India

3 Sep 2014 - 2nd One Day International
England v India

5 Sep 2014 - 3rd One Day International
England v India

6 Sep 2014 - 4th One Day International
England v India

8 Sep 2014 - 5th One Day International
England v India

10 Sep 2014 - 1st 20 Over International
England v India

12 Sep 2014 - 2nd 20 Over International
England v India

3 Oct 2014 - Three Day Friendly
Karnataka v West Indies

8 Oct 2014 - 1st Test Match
India v West Indies
Pakistan v Australia

15 Oct 2014 - 2nd Test Match
India v West Indies
Pakistan v Australia

18 Oct 2014 - 1st Test Match
Bangladesh v Zimbabwe

22 Oct 2014 - 3rd Test Match
India v West Indies
Pakistan v Australia

25 Oct 2014 - 2nd Test Match
Bangladesh v Zimbabwe

29 Oct 2014 - One Day Friendly
Mumbai CC v West Indies

29 Oct 2014 - 1st One Day International
Pakistan v Australia

31 Oct 2014 - 1st One Day International
India v West Indies

31 Oct 2014 - 2nd One Day International
Pakistan v Australia

1 Nov 2014 - 1st One Day International
Bangladesh v Zimbabwe

1 Nov 2014 - Three Day Friendly
Sinhalese v England

2 Nov 2014 - 2nd One Day International
India v West Indies

2 Nov 2014 - 3rd One Day International
Pakistan v Australia

3 Nov 2014 - 2nd One Day International
Bangladesh v Zimbabwe

4 Nov 2014 - 3rd One Day International
India v West Indies

4 Nov 2014 - 1st 20 Over International
Pakistan v Australia

5 Nov 2014 - 3rd One Day International
Bangladesh v Zimbabwe

6 Nov 2014 - 4th One Day International
India v West Indies

6 Nov 2014 - 2nd 20 Over International
Pakistan v Australia

6 Nov 2014 - 1st Test Match
Sri Lanka v England

7 Nov 2014 - 1st 20 Over International
Bangladesh v Zimbabwe

8 Nov 2014 - 5th One Day International
India v West Indies

9 Nov 2014 - 2nd 20 Over International
Bangladesh v Zimbabwe

10 Nov 2014 - 1st 20 Over International
India v West Indies

12 Nov 2014 - 2nd 20 Over International
India v West Indies

13 Nov 2014 - 2nd Test Match
Sri Lanka v England

18 Nov 2014 - 1st Test Match
Pakistan v New Zealand

20 Nov 2014 - 3rd Test Match
Sri Lanka v England

25 Nov 2014 - 2nd Test Match
Pakistan v New Zealand

27 Nov 2014 - One Day Friendly
Singha v England

29 Nov 2014 - 1st One Day International
Sri Lanka v England

1 Dec 2014 - 2nd One Day International
Sri Lanka v England

1 Dec 2014 - 1st Test Match
Australia v South Africa

2 Dec 2014 - 3rd Test Match
Pakistan v New Zealand

3 Dec 2014 - 3rd One Day International
Sri Lanka v England

5 Dec 2014 - 4th One Day International
Sri Lanka v England

7 Dec 2014 - 5th One Day International
Sri Lanka v England

9 Dec 2014 - 1st One Day International
Pakistan v New Zealand

9 Dec 2014 - 1st 20 Over International
Sri Lanka v England

9 Dec 2014 - 2nd Test Match
Australia v South Africa

11 Dec 2014 - 2nd One Day International
Pakistan v New Zealand

11 Dec 2014 - 2nd 20 Over International
Sri Lanka v England

13 Dec 2014 - 3rd One Day International
Pakistan v New Zealand

15 Dec 2014 - 1st 20 Over International
Pakistan v New Zealand

15 Dec 2014 - 3rd Test Match
Australia v South Africa

17 Dec 2014 - 2nd 20 Over International
Pakistan v New Zealand

26 Dec 2014 - 1st Test Match
Pakistan v Zimbabwe
South Africa v West Indies
Australia v India

1 Jan 2015 - Three Day Friendly
Central Districts v Sri Lanka

2 Jan 2015 - 2nd Test Match
Pakistan v Zimbabwe
South Africa v West Indies

3 Jan 2015 - 2nd Test Match
Australia v India

6 Jan 2015 - 1st Test Match
New Zealand v Sri Lanka

9 Jan 2015 - 1st One Day International
Pakistan v Zimbabwe
South Africa v West Indies

10 Jan 2015 - 3rd Test Match
Australia v India

11 Jan 2015 - 2nd One Day International
Pakistan v Zimbabwe
South Africa v West Indies

13 Jan 2015 - 3rd One Day International
Pakistan v Zimbabwe

13 Jan 2015 - 2nd Test Match
New Zealand v Sri Lanka

13 Jan 2015 - 3rd One Day International
South Africa v West Indies

15 Jan 2015 - 1st 20 Over International
South Africa v West Indies

17 Jan 2015 - 2nd 20 Over International
South Africa v West Indies

17 Jan 2015 - 1st 20 Over International
Australia v India

19 Jan 2015 - 2nd 20 Over International
Australia v India

20 Jan 2015 - One Day Friendly
Wellington v Sri Lanka

20 Jan 2015 - 1st Test Match
Bangladesh v Pakistan

21 Jan 2015 - ODI Tournament (AUS, IND, ENG)
Australia v India

22 Jan 2015 - 1st One Day International
New Zealand v Sri Lanka

23 Jan 2015 - ODI Tournament (AUS, IND, ENG)
India v England

24 Jan 2015 - 2nd One Day International
New Zealand v Sri Lanka

25 Jan 2015 - ODI Tournament (AUS, IND, ENG)
Australia v England

26 Jan 2015 - 3rd One Day International
New Zealand v Sri Lanka

27 Jan 2015 - 2nd Test Match
Bangladesh v Pakistan

27 Jan 2015 - ODI Tournament (AUS, IND, ENG)
Australia v India

28 Jan 2015 - 4th One Day International
New Zealand v Sri Lanka

29 Jan 2015 - ODI Tournament (AUS, IND, ENG)
India v England

30 Jan 2015 - 5th One Day International
New Zealand v Sri Lanka

31 Jan 2015 - ODI Tournament (AUS, IND, ENG)
Australia v England

1 Feb 2015 - 1st 20 Over International
New Zealand v Sri Lanka

2 Feb 2015 - ODI Tournament (AUS, IND, ENG)
Australia v India

3 Feb 2015 - 2nd 20 Over International
New Zealand v Sri Lanka

3 Feb 2015 - 1st One Day International
Bangladesh v Pakistan

4 Feb 2015 - ODI Tournament (AUS, IND, ENG)
India v England

5 Feb 2015 - 2nd One Day International
Bangladesh v Pakistan

6 Feb 2015 - ODI Tournament (AUS, IND, ENG)
Australia v England

7 Feb 2015 - 3rd One Day International
Bangladesh v Pakistan

8 Feb 2015 - ODI Tournament (AUS, IND, ENG)
Australia v India

9 Feb 2015 - 20 Over International
Bangladesh v Pakistan

10 Feb 2015 - ODI Tournament (AUS, IND, ENG)
India v England

12 Feb 2015 - ODI Tournament (AUS, IND, ENG)
Australia v England

14 Feb 2015 - ODI Tournament (AUS, IND, ENG)
T.B.D. v T.B.D.

16 Feb 2015 - ODI Tournament (AUS, IND, ENG)
T.B.D. v T.B.D.

18 Feb 2015 - ODI Tournament (AUS, IND, ENG)
T.B.D. v T.B.D.

20 Feb 2015 - World Cup - group match
England v Sri Lanka

21 Feb 2015 - World Cup - group match
Australia v New Zealand
Bangladesh v Ireland

22 Feb 2015 - World Cup - group match
Zimbabwe v Netherlands

23 Feb 2015 - World Cup - group match
South Africa v Kenya
India v UAE

24 Feb 2015 - World Cup - group match
England v Pakistan

25 Feb 2015 - World Cup - group match
Australia v West Indies
South Africa v Ireland

26 Feb 2015 - World Cup - group match
India v Netherlands

27 Feb 2015 - World Cup - group match
England v Kenya
Australia v UAE

28 Feb 2015 - World Cup - group match
Sri Lanka v Pakistan

1 Mar 2015 - World Cup - group match
New Zealand v West Indies
South Africa v Bangladesh

2 Mar 2015 - World Cup - group match
India v Zimbabwe

3 Mar 2015 - World Cup - group match
Ireland v Kenya
Netherlands v UAE

4 Mar 2015 - World Cup - group match
England v South Africa

5 Mar 2015 - World Cup - group match
Australia v India
Sri Lanka v Ireland

6 Mar 2015 - World Cup - group match
New Zealand v Netherlands

7 Mar 2015 - World Cup - group match
Pakistan v Bangladesh
West Indies v Zimbabwe

8 Mar 2015 - World Cup - group match
Sri Lanka v Kenya

9 Mar 2015 - World Cup - group match
New Zealand v UAE
South Africa v Pakistan

10 Mar 2015 - World Cup - group match
India v West Indies

11 Mar 2015 - World Cup - group match
England v Ireland
Australia v Netherlands

12 Mar 2015 - World Cup - group match
Sri Lanka v Bangladesh

13 Mar 2015 - World Cup - group match
New Zealand v Zimbabwe
Pakistan v Kenya

14 Mar 2015 - World Cup - group match
West Indies v UAE

15 Mar 2015 - World Cup - group match
England v Bangladesh

16 Mar 2015 - World Cup - group match
Australia v Zimbabwe
South Africa v Sri Lanka

17 Mar 2015 - World Cup - group match
India v New Zealand

18 Mar 2015 - World Cup - group match
Pakistan v Ireland

19 Mar 2015 - World Cup - group match
West Indies v Netherlands

20 Mar 2015 - World Cup - group match
Bangladesh v Kenya
Zimbabwe v UAE

22 Mar 2015 - World Cup - qtr-final
T.B.D. v T.B.D.

23 Mar 2015 - World Cup - qtr-final
T.B.D. v T.B.D.

24 Mar 2015 - World Cup - qtr-final
T.B.D. v T.B.D.

25 Mar 2015 - World Cup - qtr-final
T.B.D. v T.B.D.

27 Mar 2015 - World Cup - semi-final
T.B.D. v T.B.D.

28 Mar 2015 - World Cup - semi-final
T.B.D. v T.B.D.

30 Mar 2015 - World Cup - final
T.B.D. v T.B.D.
